channel,access_status,public_access,machine_access,auth_or_rights,raw_found,coded_rows,high_geo_rows,dimensions_observed,geo_strength,main_bias,pilot_recommendation,pilot_test_outcome,source_url
Trustpilot,Manual-Review,公开页面可读；页面位置会随新增评价变化,本轮不做自动化批量抓取,无需登录即可人工查看；规模化前需复核条款/许可,7,6,6,资料国家、日期、评分、任务、结果、价格/积分、客服、迁移/留存,Strong when profile country is shown,主动评价与售后/投诉偏差；品牌页不代表总体用户,首轮核心渠道；人工采样+编码，保存作者/日期定位,顺利；获得 6 条可编码 ARE 样本,https://www.trustpilot.com/
Apple App Store,Manual-Review,ARE storefront 评论页可直接访问,公开页可解析，但竞争对手评论无官方批量导出接口,公开查看；规模化前需复核条款/许可,7,6,0,昵称、日期、评论、评分显示、产品任务、价格/积分、替代品,Weak: storefront is not reviewer residence,移动端/商店样本；storefront 地理误判风险高,作为主题发现池；仅 storefront 的记录标 Low，不单独做国家结论,顺利拿量；6 条可编码假设样本，另发现 1 条地理反例,https://apps.apple.com/ae/
Reddit,Conditional,公开帖子可经搜索引擎发现并人工阅读,不做未授权批量抓取；官方 Data API 使用受条款约束,商业/扩展研究需按 Reddit Data API 条款单独评估,3,1,1,正文自述地理、任务上下文、工作链路、替代品、留存、互动,Variable; strong only with explicit self-location,社区选择偏差；命中率低；子版块不等于常住地,保留低量高信息密度的人工发现；每条单独做地理证据审查,低产出但高价值；1 条明确 Dubai 的 Comet 深度样本,https://redditinc.com/policies/data-api-terms
Google Play,Manual-Review,公开评论页可读并可指定界面语言,官方 Reviews API 面向经授权的自有应用，不是竞品评论导出,公开查看；官方 API 需发布者授权,1,0,0,评论、日期、评分、语言、产品问题；用户国家通常缺失,Weak,界面语言/商店参数不等于用户国家,作为多语言主题发现池；无额外地理证据不进入 ARE 核心样本,可访问；阿语评论有用，但本轮无法归因到 ARE,https://developers.google.com/android-publisher/api-ref/rest/v3/reviews/list
YouTube,Conditional,视频页/搜索结果可人工发现,Data API 可检索视频与评论线程,需要 API key；配额与条款限制,1,0,0,视频日期/频道/互动、评论文本、语言；作者国家通常缺失,Weak,regionCode/relevanceLanguage 只影响检索，不证明评论者所在地,拿到 key 后测评论产出；当前只用于发现，不归因国家,发现阿语 Cowork 内容，但无 UAE 证据；API 未执行,https://developers.google.com/youtube/v3/docs/commentThreads/list
GitHub,Ready-API,公开 issues/discussions 可搜索,REST Search API；未认证配额较低,公开数据；仍需遵守 API 与仓库许可,0,0,0,版本、复现步骤、错误阶段、技术环境、维护状态,Very weak,技术用户偏差；本轮闭源竞品缺少官方问题面,仅对有公开 repo/extension 的竞品启用,接口可用，但本轮目标产品未产出 ARE 反馈,https://docs.github.com/en/rest/search/search
Product Hunt,Conditional,产品页可人工阅读,GraphQL API,需要 API key/OAuth token,0,0,0,发布、评论、早期用户反应、替代品；国家信息弱,Weak,早期采用者/发布活动偏差；难做国家归因,用于全球新品/定位，不作为国家反馈主渠道,本轮未获得可归因 ARE 样本,https://www.producthunt.com/v2/docs
G2/Capterra,Candidate-Validate,部分公开页可人工查看,未确认适合本项目的公开竞品评论导出,批量使用/再分发需单独审查平台条款或授权,0,0,0,角色、公司规模、行业、优缺点、评分（若页面提供）,Medium at best,B2B 评论激励/审核机制与产品覆盖差异,二轮验证；先确认目标竞品覆盖和 ARE 筛选能力,搜索未发现稳定的 ARE 样本入口,https://www.g2.com/
Search engine index,Ready-Discovery,可检索公开索引结果,只作为发现层，不把搜索摘要当原始反馈,按搜索服务条款使用,0,0,0,候选 URL、标题、日期片段、国家/语言关键词,None by itself,排名/索引偏差；摘要可能过期或截断,用于跨平台找入口；必须回到原始页面编码,顺利支持多渠道发现，也暴露大量错国/错语种结果,https://www.google.com/
Publisher review APIs,Reference-Only,不提供竞品评论公开导出,Apple/Google 官方接口面向开发者自有应用,需要对应发布者账户与应用权限,0,0,0,自有应用评分/评论/回复工作流,N/A for competitor research,权限边界决定无法用于竞品,不纳入竞品采集；未来只用于我方产品反馈,不适用,https://developer.apple.com/documentation/appstoreconnectapi/customer-reviews
Chrome Web Store,Reference-Only,扩展详情/评论可人工查看（若竞品有扩展）,官方 API 主要是发布者管理，不是竞品评论导出,发布 API 需要所有者授权,0,0,0,扩展版本、评分、评论、浏览器工作流,Weak,只覆盖浏览器扩展用户；目标产品覆盖不一,有扩展的竞品再单独测；不作为通用入口,本轮未产出 ARE 样本,https://developer.chrome.com/docs/webstore/using-api
Editorial/SEO,Discovery-Only,公开文章可读,不作为用户反馈抓取,按网页版权/引用规范使用,1,0,0,本地关键词、产品定位、可能的用例线索,"Article market, not user location",SEO/联盟/编辑观点；不能冒充用户证据,只提取检索词和待验证假设,发现 UAE 定向文章，因非用户反馈排除,https://menaelite.com/manus-ai-agent-review-uae-2026/
